{"cameraMode":{"drawMode":0,"name":"Shaded","section":"Shading Mode"},"sceneLighting":true,"audioPlay":false,"sceneViewState":{"showFog":true,"showMaterialUpdate":false,"showSkybox":true,"showFlares":true,"showImageEffects":true,"showParticleSystems":true},"in2DMode":false,"pivot":{"x":-0.866328239440918,"y":-4.559832572937012,"z":9.322054862976075},"rotation":{"x":-0.39327508211135867,"y":-0.04952331259846687,"z":0.02121632918715477,"w":-0.9178512692451477},"size":12.003861427307129,"orthographic":false}